stage,stage_id,case_id,pitch_cp_0,pitch_cp_1,pitch_cp_2,pitch_cp_3,pitch_cp_4,pitch_cp_5,chord_cp_0,chord_cp_1,chord_cp_2,chord_cp_3,chord_cp_4,failed
initial,0,0,0.89111,0.41878008999980354,0.502692,0.19058468493381273,0.3691135343375484,0.542381,0.286533,0.555462,0.49154780497169637,0.433653,0.16461,0
initial,0,1,1.13771,0.43614320027450526,0.35946,0.48543228122031035,0.21656034024455076,0.532668,0.216045,0.631527,0.34990585599542384,0.586503,0.260275,0
initial,0,2,1.098487,0.060229575507523586,0.671046,0.3045907960546537,0.45513395171274,0.557018,0.222684,0.462456,0.2999767486391115,0.469588,0.210592,0
initial,0,3,1.080079,0.8430174949440643,0.647929,0.2362338338958297,0.2967376969330991,0.525543,0.284718,0.479459,0.17345755011164643,0.442476,0.265922,1
initial,0,4,1.010818,0.1326011994388231,0.510707,0.2233414634862213,0.24603875132348815,0.613292,0.234543,0.729008,0.2437872087698209,0.44787,0.298063,0
initial,0,5,0.908074,0.36731337640214173,0.693331,0.21101750135191702,0.2023986730744695,0.43126,0.217497,0.683201,0.21729108088253923,0.542415,0.273555,0
initial,0,6,1.173307,0.7554534105596555,0.473474,0.3328588281038902,0.4768194152144709,0.516154,0.247517,0.472192,0.38560253084131946,0.404585,0.147791,0
initial,0,7,1.076569,0.7928398947534403,0.618337,0.24942398240609182,0.39194510630137414,0.676331,0.228652,0.683651,0.25349897109126635,0.435012,0.120241,0
initial,0,8,0.805567,0.48669740744541434,0.730919,0.28895794223408366,0.31484887030412473,0.618157,0.253994,0.790277,0.39309373070418546,0.45248,0.109634,0
initial,0,9,0.881142,0.5044906313480759,0.631627,0.29303745231539763,0.4931772340373406,0.566726,0.294549,0.831823,0.2708926706989633,0.579255,0.177278,0
initial,0,10,0.824297,0.2436829406829565,0.428185,0.16180645661056986,0.2886521902893232,0.590855,0.27064,0.507087,0.35518130334305387,0.535589,0.257956,0
initial,0,11,1.192899,0.20810136117160266,0.737291,0.3170189549984048,0.3308292798489927,0.459915,0.297539,0.644168,0.293480369826728,0.499203,0.146536,0
initial,0,12,1.08981,0.9961152841806638,0.537843,0.1980437306133322,0.20553087126510067,0.655898,0.237754,0.540875,0.41067205931917766,0.522184,0.173395,0
initial,0,13,1.178666,0.8927186966304322,0.43191,0.4001565423236992,0.3234865717963639,0.45381,0.262497,0.603106,0.47151274745674276,0.459649,0.217001,0
initial,0,14,1.030228,0.16618889477840415,0.650196,0.2809165424118485,0.1800323390786802,0.623798,0.205298,0.483627,0.45582810153462544,0.574057,0.137492,0
initial,0,15,0.885702,0.8772112666197422,0.637565,0.42573545924096123,0.26944263837204474,0.691094,0.212814,0.652928,0.36621194049630584,0.477024,0.253775,0
initial,0,16,0.942899,0.30250644824666756,0.607388,0.49219914583847757,0.42522190331246223,0.509215,0.219741,0.77436,0.3224485406049375,0.425644,0.1697,0
initial,0,17,1.124125,0.18124875396465756,0.399457,0.24291261543557185,0.43381041893575617,0.412866,0.232591,0.779248,0.3771042334156206,0.533911,0.18088,0
initial,0,18,1.00345,0.40156852855882014,0.727001,0.47316791172726796,0.3401299269482609,0.550668,0.238368,0.733266,0.3989074433748886,0.682775,0.270158,1
initial,0,19,1.151292,0.6624033002557215,0.382925,0.2765292943524715,0.34992979750842035,0.633057,0.280816,0.815167,0.4313162328513392,0.484684,0.284826,0
initial,0,20,0.869079,0.3184447403662693,0.595726,0.40906592503159306,0.4470583275886865,0.404951,0.266406,0.536131,0.4185469135364119,0.551927,0.245309,1
initial,0,21,0.990321,0.838722512015505,0.524581,0.20481638892100812,0.3786863510947075,0.415389,0.282883,0.697593,0.34752735536673157,0.596945,0.110697,0
initial,0,22,0.846539,0.08301217249273209,0.545656,0.34909598142981885,0.15797716524317068,0.522267,0.287774,0.625881,0.33651325674902016,0.631816,0.126095,0
initial,0,23,0.860651,0.8613736189369037,0.366212,0.2995586406539864,0.2807559561812171,0.625529,0.25247,0.546055,0.3123984523540439,0.666144,0.134749,1
initial,0,24,1.183745,0.46805391782848954,0.441116,0.19589769692677678,0.41432269073857636,0.576002,0.209002,0.661494,0.19867790858077614,0.692753,0.155706,0
initial,0,25,1.065178,0.3621685552323324,0.444054,0.25874827588723387,0.3019140601067492,0.696936,0.299461,0.618838,0.4254831364545783,0.678795,0.222582,1
initial,0,26,0.938236,0.3261189698633937,0.50982,0.3571626155023249,0.4837851097755426,0.635307,0.214892,0.693558,0.46669900946982,0.688647,0.20264,0
initial,0,27,1.021103,0.9229394795947188,0.412945,0.4335631521537796,0.4624139372584485,0.607089,0.245456,0.738755,0.4862620987947359,0.610542,0.142254,0
initial,0,28,1.247864,0.7247397065783248,0.611103,0.17112783182159252,0.22901955931600404,0.537202,0.26866,0.720941,0.4438841908661727,0.506532,0.129641,0
initial,0,29,1.202048,0.5979227287423218,0.550763,0.4491928049731724,0.37249936975305475,0.491763,0.203838,0.827528,0.4134363859790002,0.51842,0.106159,0
initial,0,30,0.960537,0.6798752113374734,0.485617,0.1539397434231997,0.17305793140793524,0.648487,0.275383,0.7086,0.20350167099888597,0.605583,0.207573,1
initial,0,31,1.038624,0.7375060878420265,0.676704,0.49768306545833463,0.3576619008613202,0.479777,0.274069,0.520379,0.22870948315966427,0.592386,0.159187,0
initial,0,32,0.916084,0.6127964357450467,0.396595,0.42296167170502424,0.4059445057726944,0.464203,0.290107,0.451929,0.36004455022363796,0.645968,0.198878,1
initial,0,33,0.928178,0.8223588556701469,0.468074,0.24834101598931807,0.4687527075336299,0.560643,0.235134,0.576775,0.23423268391616994,0.650649,0.266965,0
initial,0,34,1.16033,0.11454082697041695,0.629032,0.17928161871067821,0.3607852571033171,0.501649,0.249309,0.568552,0.4784846143037797,0.644774,0.287668,1
initial,0,35,0.838297,0.6446627488192161,0.57614,0.22958339488846205,0.2602114174904225,0.44276,0.226797,0.818181,0.46211783437033793,0.636556,0.1621,0
initial,0,36,1.237103,0.9749719147682284,0.562469,0.3086689649373581,0.4187239852381618,0.44961,0.251443,0.752742,0.18656798377326514,0.561375,0.29562,1
initial,0,37,0.974591,0.21330531323972957,0.355725,0.31939157356306375,0.2615351132874742,0.499257,0.260088,0.800332,0.19623626914070694,0.661966,0.193844,0
initial,0,38,1.22191,0.26614071536863354,0.666268,0.21574230053116464,0.47633530889725084,0.683709,0.267258,0.763195,0.3151998921096773,0.600508,0.247326,0
initial,0,39,0.985743,0.23305339439043876,0.702867,0.39315063608742906,0.21296849726305406,0.660833,0.279621,0.746608,0.44087317553693334,0.405562,0.186738,0
initial,0,40,1.210385,0.45042849985496924,0.405039,0.32618416518109744,0.3111382733883202,0.671496,0.224517,0.494311,0.16326304072325637,0.58279,0.24006,0
initial,0,41,1.157983,0.5467012647871848,0.458622,0.45531179189389576,0.19106070195307734,0.685348,0.259635,0.610598,0.2778973122892069,0.547977,0.113702,0
initial,0,42,1.061882,0.9166622303456196,0.688088,0.36711716928398264,0.2209531957595719,0.470992,0.28841,0.674023,0.3811810175329301,0.696122,0.232349,0
initial,0,43,1.216562,0.702411714039621,0.721812,0.46430487194914216,0.23863587168275668,0.600021,0.230671,0.528342,0.330748279576494,0.627465,0.206006,1
initial,0,44,0.924228,0.28565153056506054,0.418079,0.41549667646193356,0.27458294673458195,0.437726,0.225158,0.573999,0.20920348812744596,0.464077,0.132373,0
initial,0,45,0.807596,0.5716909406418594,0.56607,0.3839725301083141,0.4122952902316773,0.652816,0.210472,0.511801,0.28575984271549815,0.620882,0.291763,0
initial,0,46,1.115627,0.8008917864916859,0.661047,0.40246860280176855,0.1880409406041668,0.58371,0.243763,0.807091,0.17965565358794902,0.655507,0.150825,0
initial,0,47,1.132688,0.3449901239001623,0.599694,0.2698780992985705,0.25191206743700334,0.421013,0.26467,0.500316,0.26013877620218223,0.67384,0.117514,1
initial,0,48,1.046062,0.07876803281930733,0.372885,0.3787465805752028,0.4498742243836994,0.596995,0.27722,0.669131,0.2411010335963906,0.502341,0.101286,0
initial,0,49,1.053164,0.6931489234104884,0.48018,0.3409665355599974,0.17752785166339008,0.406017,0.242394,0.846372,0.30551087271501487,0.42405,0.25182,0
initial,0,50,1.229494,0.38433251615778957,0.533859,0.43706215869334003,0.3886455934867062,0.588421,0.292693,0.589591,0.22136556789826284,0.417079,0.234488,1
initial,0,51,1.000579,0.5728466955918695,0.715369,0.17881471077380645,0.49596130183231024,0.425817,0.240816,0.642547,0.4052930184722366,0.471725,0.225729,1
initial,0,52,0.836113,0.633648230939887,0.709221,0.3438256299365195,0.4410913144154684,0.668608,0.27213,0.595449,0.1711885560901542,0.512908,0.172022,0
initial,0,53,0.815297,0.7684328624960024,0.451004,0.4444456306671792,0.2333958642033883,0.48977,0.29535,0.768678,0.2647867467987799,0.526937,0.279961,0
initial,0,54,0.95603,0.9661936617339013,0.743485,0.15687594270120406,0.3958280335792419,0.512836,0.201712,0.606731,0.28051821372881713,0.555375,0.183795,0
initial,0,55,0.898738,0.15836428853573575,0.586929,0.46616810056388513,0.3363279628995975,0.641552,0.255308,0.837751,0.15997729692654905,0.569892,0.214713,0
initial,0,56,0.855073,0.9416086925404691,0.389808,0.2652087276168292,0.34560368488095705,0.545731,0.206864,0.712397,0.33751661605797956,0.410017,0.229085,0
initial,0,57,1.111815,0.5327862310668493,0.523125,0.37714973451327427,0.16437719989493046,0.468362,0.201215,0.560182,0.15180095442639593,0.49123,0.193046,0
initial,0,58,0.972143,0.5242031800344507,0.579252,0.4811729692218976,0.15359930243860603,0.572957,0.257054,0.469417,0.4949785750308099,0.488015,0.282422,0
initial,0,59,1.10149,0.09825801480687418,0.491348,0.36529556742223396,0.29308463277993574,0.483721,0.220764,0.788019,0.4499635124486465,0.619355,0.237662,0
infill1,1,0,1.131922431,1.0,0.75,0.15,0.5,0.7,0.3,0.45,0.15,0.4335779619,0.3,1
infill1,1,1,1.162482108,1.0,0.75,0.15,0.5,0.7,0.2983498596,0.45,0.15,0.4714188859,0.3,1
infill1,1,2,1.100602792,1.0,0.75,0.3198182306,0.5,0.7,0.2082230822,0.45,0.4495768555,0.4784434117,0.3,1
infill1,1,3,1.195449862,1.0,0.35,0.15,0.5,0.7,0.3,0.45,0.15,0.4111909435,0.3,1
infill1,1,4,1.228280884,1.0,0.75,0.5,0.5,0.7,0.2821697559,0.7046372332,0.3002099457,0.4093387194,0.3,1
infill1,1,5,1.047445735,1.0,0.35,0.3643000545,0.5,0.7,0.2578221837,0.5599433037,0.15,0.4067352378,0.3,0
infill1,1,6,1.039729664,0.8734160394,0.35,0.15,0.5,0.4,0.2,0.45,0.15,0.4,0.1,0
infill1,1,7,1.004485454,0.8001100867,0.35,0.5,0.5,0.4,0.3,0.45,0.5,0.7,0.1,1
infill1,1,8,1.204929231,1.0,0.35,0.5,0.15,0.7,0.2,0.45,0.15,0.4,0.3,0
infill1,1,9,0.8,0.6931233774,0.35,0.15,0.5,0.4,0.3,0.85,0.15,0.4,0.3,0
infill1,1,10,0.9550018947,0.7172876666,0.35,0.15,0.15,0.4,0.3,0.85,0.15,0.7,0.3,1
infill1,1,11,1.169228759,1.0,0.35,0.5,0.5,0.7,0.3,0.5791997804,0.4820508667,0.4130689164,0.3,0
infill1,1,12,1.094948791,1.0,0.5670723505,0.5,0.5,0.7,0.3,0.7754554154,0.403786813,0.4246047397,0.3,0
infill1,1,13,1.199620648,1.0,0.35,0.5,0.5,0.7,0.3,0.4731965322,0.2502750111,0.4783126938,0.2836210072,0
infill1,1,14,1.061902725,1.0,0.35,0.5,0.5,0.7,0.3,0.45,0.15,0.4446218924,0.3,0
infill1,1,15,1.25,1.0,0.5437263567,0.5,0.5,0.7,0.3,0.45,0.2910838981,0.4942251377,0.2270986992,0
infill1,1,16,1.029645698,1.0,0.35,0.4450421225,0.5,0.7,0.3,0.7538080572,0.5,0.4429099343,0.1,0
infill1,1,17,1.091851676,0.9030567482,0.7498686807,0.15,0.5,0.4,0.2,0.85,0.1703434656,0.4,0.1,1
infill1,1,18,1.044817033,0.8235166759,0.75,0.3384955411,0.5,0.4,0.2988756397,0.85,0.383374885,0.4,0.1,1
infill1,1,19,1.187830401,1.0,0.35,0.5,0.413752328,0.4,0.2,0.45,0.5,0.4,0.2117369237,0
infill1,1,20,1.25,1.0,0.35,0.5,0.15,0.6678593012,0.2,0.85,0.5,0.4150448747,0.1308038499,0
infill1,1,21,0.8,0.6979121183,0.75,0.5,0.5,0.4,0.2,0.85,0.15,0.7,0.1,1
infill1,1,22,1.25,1.0,0.35,0.2633639717,0.15,0.4,0.2,0.45,0.3509794113,0.7,0.1,1
infill1,1,23,1.097210488,1.0,0.3822865123,0.5,0.5,0.7,0.2428723949,0.6462154993,0.5,0.4,0.1,0
infill1,1,24,1.179230378,1.0,0.396087311,0.5,0.5,0.7,0.2514271289,0.5724117613,0.5,0.4353469391,0.1,0
infill1,1,25,1.210974104,1.0,0.5426778491,0.4265860819,0.5,0.7,0.2374670848,0.45,0.5,0.416153785,0.2895870117,1
infill1,1,26,1.063051205,1.0,0.7172833798,0.15,0.5,0.7,0.2929122171,0.85,0.3816088825,0.4156229097,0.3,1
infill1,1,27,1.25,1.0,0.3641945961,0.4636111577,0.5,0.7,0.2450082367,0.6879617282,0.5,0.4705264668,0.1464867203,0
infill1,1,28,1.191031674,1.0,0.75,0.5,0.3992093374,0.4,0.3,0.85,0.5,0.4,0.3,1
infill1,1,29,1.169747773,1.0,0.75,0.5,0.5,0.4,0.3,0.45,0.5,0.4,0.3,0
infill1,1,30,1.25,0.05,0.75,0.15,0.15,0.7,0.3,0.45,0.15,0.4,0.3,0
infill1,1,31,1.25,0.05,0.35,0.5,0.15,0.7,0.2673980302,0.85,0.432457503,0.7,0.1,0
infill1,1,32,1.25,0.05,0.35,0.15,0.15,0.4,0.2,0.4692641817,0.15,0.4,0.1,0
infill1,1,33,1.25,0.05,0.75,0.3142691624,0.15,0.4,0.2,0.45,0.1564130871,0.7,0.3,1
infill1,1,34,1.25,0.05,0.75,0.15,0.5,0.4,0.3,0.45,0.3145185079,0.4,0.1,1
infill1,1,35,1.25,0.05,0.6531621512,0.5,0.5,0.4,0.209115426,0.7142578784,0.5,0.7,0.2209607674,0
infill1,1,36,0.8,0.05,0.35,0.5,0.15,0.7,0.3,0.5385884883,0.15,0.4,0.2983337042,1
infill1,1,37,0.8,0.05,0.3702818079,0.5,0.15,0.7,0.2,0.45,0.3012413052,0.7,0.3,0
infill1,1,38,0.8,0.05,0.4682442516,0.5,0.15,0.4,0.2011869111,0.643537143,0.5,0.4,0.1,0
infill1,1,39,1.25,0.05,0.75,0.3234627895,0.5,0.7,0.3,0.45,0.15,0.4,0.1,0
infill1,1,40,0.8,0.05,0.75,0.15,0.15,0.4,0.3,0.85,0.5,0.7,0.1,0
infill1,1,41,0.8,0.05,0.75,0.5,0.5,0.7,0.3,0.45,0.15,0.4,0.3,1
infill1,1,42,0.8,0.05,0.6048235273,0.3538381249,0.163264129,0.7,0.2172491353,0.45,0.2577804958,0.4,0.1037895587,0
infill1,1,43,1.25,0.05,0.35,0.5,0.5,0.7,0.3,0.6528172158,0.15,0.7,0.3,0
infill1,1,44,0.8,0.05,0.35,0.15,0.5,0.7,0.2,0.85,0.5,0.7,0.3,1
infill1,1,45,0.8,0.05,0.6173024919,0.2312318557,0.5,0.4,0.3,0.6790687587,0.15,0.4,0.1,0
infill1,1,46,0.8,0.05,0.5476018608,0.2931661264,0.5,0.4,0.2,0.85,0.3694123967,0.7,0.1,0
infill1,1,47,1.068770195,0.781831747,0.586750541,0.3685086491,0.2360555104,0.4376279683,0.2827276673,0.8305747016,0.1580133747,0.5665005885,0.1862415876,0
infill1,1,48,0.8329023577,0.2410659084,0.6375294069,0.2486340823,0.3729616039,0.5106607731,0.2307535169,0.4853089313,0.3252311265,0.612588761,0.1613769423,1
infill1,1,49,1.207272944,0.3831904496,0.4010478638,0.3939868474,0.420482926,0.6168785674,0.2609213146,0.6297186667,0.3834130406,0.4372705563,0.2423426973,0
infill1,1,50,1.164886791,1.0,0.35,0.15,0.5,0.7,0.2,0.7422003338,0.4052880342,0.4,0.3,0
infill1,1,51,1.202818505,1.0,0.35,0.15,0.5,0.7,0.2,0.45,0.5,0.4,0.2937369479,0
infill1,1,52,1.062593589,1.0,0.35,0.349800639,0.5,0.7,0.2,0.45,0.15,0.4,0.1,0
infill1,1,53,1.234250301,1.0,0.75,0.4945729093,0.5,0.7,0.2306757054,0.45,0.5,0.4451086608,0.1,0
infill1,1,54,1.25,1.0,0.35,0.198414322,0.3392354466,0.4,0.2,0.45,0.15,0.4,0.1,0
infill1,1,55,0.9993634186,1.0,0.4264114648,0.3671958052,0.5,0.7,0.2093113252,0.6458646715,0.15,0.4,0.3,0
infill1,1,56,1.128812682,1.0,0.35,0.4409646242,0.5,0.7,0.2234300306,0.45,0.15,0.5775563318,0.2694927614,1
infill1,1,57,1.091751544,1.0,0.35,0.3602749165,0.5,0.7,0.2,0.45,0.2753275318,0.4981228601,0.3,0
infill1,1,58,1.228806393,1.0,0.35,0.15,0.5,0.7,0.2,0.45,0.5,0.4533508735,0.17160107,0
infill1,1,59,1.058905554,1.0,0.35,0.15,0.5,0.7,0.3,0.45,0.5,0.4491893522,0.3,1
infill1,1,60,1.25,1.0,0.35,0.5,0.3301619415,0.4,0.2,0.85,0.5,0.4109783145,0.1,0
infill1,1,61,0.8,0.6595018213,0.35,0.15,0.15,0.4,0.2,0.85,0.15,0.7,0.3,1
infill1,1,62,1.093432905,1.0,0.35,0.5,0.5,0.7,0.2,0.4905031269,0.1718298545,0.4,0.3,0
infill1,1,63,1.176919073,1.0,0.75,0.3401057251,0.5,0.7,0.2,0.85,0.5,0.4073240908,0.2568473794,1
infill1,1,64,1.028698084,1.0,0.35,0.15,0.5,0.7,0.2,0.6642480087,0.4288022166,0.4121936976,0.3,0
infill1,1,65,0.8000832352,0.862017606,0.3681178206,0.2409198573,0.285618672,0.5616914864,0.2486482404,0.5730657781,0.337686132,0.4754765716,0.1015454521,0
infill1,1,66,1.129117158,0.7184301027,0.682672608,0.2820709592,0.4859009475,0.5945700725,0.2742959974,0.6618187668,0.2320962738,0.6018361651,0.1106159665,1
infill1,1,67,1.15482036,0.08073407038,0.444270952,0.1718602305,0.3713607882,0.4407542901,0.2066632553,0.5812736534,0.3719382236,0.5738780665,0.2393974311,0
infill1,1,68,0.8356622231,0.3342359172,0.4806713345,0.2623896842,0.3815786521,0.6178333181,0.2360125275,0.8141477612,0.1930317642,0.5603227465,0.2826629027,1
infill1,1,69,1.101285737,0.9101025054,0.6244269136,0.490147872,0.4703557074,0.5702793285,0.2127221518,0.5229589241,0.301916387,0.5243076046,0.2317812035,1
infill2,2,0,0.8,0.05,0.35,0.214642128,0.15,0.5750600119,0.2,0.6699223103,0.15,0.5554874832,0.2319873249,0
infill2,2,1,1.25,0.05,0.35,0.4623085064,0.15,0.5314287934,0.2,0.7194969193,0.15,0.5428847787,0.2623885253,0
infill2,2,2,0.8,0.05,0.35,0.15,0.2282385184,0.6510779485,0.2,0.6351467111,0.2312306024,0.583208103,0.202585025,0
infill2,2,3,0.8741811693,0.05,0.3591134102,0.4459650933,0.5,0.6314842915,0.2,0.5386147232,0.3711936164,0.4622404072,0.1909203256,0
infill2,2,4,0.8,0.05727838284,0.35,0.15,0.4176482191,0.6398416924,0.2,0.5839634961,0.15,0.4776033948,0.1826902175,0
infill2,2,5,1.136379445,0.8199664622,0.3504110824,0.4040707362,0.2132200026,0.6180886166,0.2,0.6604934551,0.4871282138,0.5452289754,0.250612317,0
infill2,2,6,1.25,0.05,0.35,0.5,0.5,0.6135545841,0.2,0.566512708,0.3789393045,0.4053781515,0.1940883769,0
infill2,2,7,0.8,0.05,0.35,0.15,0.15,0.6138741988,0.2,0.6476714022,0.5,0.6178231119,0.1,1
infill2,2,8,0.8,0.05,0.35,0.2585006502,0.15,0.5202167017,0.2,0.7274364237,0.15,0.5907458385,0.2090079441,0
infill2,2,9,1.178875525,0.942023629,0.35,0.3752560243,0.375815506,0.6141931867,0.2,0.5708448932,0.4930192828,0.4670024996,0.1957949296,1
infill2,2,10,1.25,0.05,0.35,0.5,0.5,0.619233263,0.2,0.4833586644,0.3362838662,0.5074968978,0.1540238179,1
infill2,2,11,0.822295378,0.05,0.35,0.15,0.15,0.7,0.2,0.6493184923,0.15,0.591842993,0.2141753339,0
infill2,2,12,1.206986295,1.0,0.35,0.5,0.15,0.5229127786,0.2,0.6946293357,0.5,0.4562059747,0.1926682785,0
infill2,2,13,1.25,1.0,0.75,0.3559978495,0.15,0.55593331,0.2,0.7062178011,0.3687388623,0.5339153452,0.2553568875,0
infill2,2,14,1.25,0.05,0.35,0.5,0.5,0.6899934398,0.2,0.6298658561,0.15,0.472496254,0.1813423086,0
infill2,2,15,1.22870357,0.2745983745,0.4838561458,0.15,0.4216788538,0.5555319829,0.2314687867,0.5887791388,0.5,0.4,0.1425256167,0
infill2,2,16,1.25,0.05,0.35,0.15,0.5,0.6136379847,0.3,0.6538451323,0.5,0.4,0.183260433,0
infill2,2,17,0.8,0.05,0.75,0.5,0.2901158251,0.6588545189,0.2,0.6428349628,0.5,0.7,0.1,1
infill2,2,18,0.9198839104,0.1889532176,0.35,0.15,0.3709656975,0.5954686315,0.2654388722,0.6884780822,0.3451399058,0.4,0.1441113833,0
infill2,2,19,0.8483890653,0.4195277489,0.35,0.188269426,0.258157263,0.5286960174,0.2221622741,0.6405019298,0.2992403691,0.4,0.183046074,0
infill2,2,20,1.25,0.05,0.35,0.15,0.5,0.5525968778,0.3,0.6734760997,0.5,0.4,0.1985796154,0
infill2,2,21,0.8,0.05,0.35,0.15,0.422256972,0.6055486512,0.3,0.85,0.15,0.4,0.1498911575,0
infill2,2,22,0.8060969469,0.05,0.35,0.2635834104,0.15,0.5335019634,0.2,0.6576684963,0.15,0.4,0.1882327387,0
infill2,2,23,0.8,0.05,0.75,0.15,0.4554919321,0.6163965915,0.3,0.85,0.15,0.4,0.1537323668,0
infill2,2,24,0.8,0.05,0.75,0.15,0.4525486346,0.6356774068,0.3,0.85,0.15,0.4,0.1940372647,0
infill2,2,25,0.8,0.05,0.75,0.15,0.15,0.4798075181,0.2,0.85,0.1533791743,0.5307329648,0.3,0
infill2,2,26,0.8,0.05,0.75,0.15,0.5,0.6788459674,0.3,0.85,0.15,0.4,0.1,0
infill2,2,27,1.25,1.0,0.35,0.5,0.5,0.5619776119,0.2,0.6093650841,0.15,0.4,0.1,0
infill2,2,28,1.25,0.05,0.35,0.15,0.5,0.4,0.2,0.85,0.15,0.4,0.2354256182,0
infill2,2,29,0.8,0.05,0.75,0.5,0.5,0.7,0.3,0.45,0.5,0.7,0.3,1
infill2,2,30,1.228901797,0.05,0.4193596016,0.3650042605,0.5,0.6971123513,0.2372763486,0.5801451672,0.2480997256,0.4,0.1,0
infill2,2,31,0.8,0.05,0.35,0.15,0.15,0.4,0.3,0.45,0.5,0.7,0.3,1
infill2,2,32,1.048631079,0.05,0.3696860564,0.3910656093,0.5,0.7,0.2,0.45,0.5,0.4,0.1555614287,1
infill2,2,33,0.8,0.05,0.3692239976,0.3823882146,0.5,0.6908841786,0.2,0.45,0.5,0.4,0.1,1
infill2,2,34,0.8,0.05,0.35,0.15,0.15,0.5852554871,0.2000605058,0.6289822847,0.150156427,0.5726002751,0.1831195524,0
infill2,2,35,0.8,0.05,0.35,0.4251758065,0.15,0.5663835413,0.2001690193,0.6836111905,0.15,0.5021712551,0.225840838,0
infill2,2,36,1.054511862,0.05,0.35,0.4733233211,0.15,0.6110873563,0.2000170476,0.6771155988,0.1568118984,0.5226322281,0.1970959921,0
infill2,2,37,0.8,0.05,0.35,0.5,0.4099754395,0.6376199405,0.2,0.5604169554,0.15,0.4886923966,0.1840994088,0
infill2,2,38,0.9583512355,0.05,0.35,0.252357634,0.15,0.5720347074,0.2001697947,0.6622001369,0.1511765064,0.6073885064,0.2278959413,1
infill2,2,39,0.8,1.0,0.35,0.1524586994,0.15,0.5663651856,0.2,0.6874679286,0.15,0.5405438123,0.2429441172,0
infill2,2,40,0.8,0.05,0.75,0.15,0.15,0.5965448124,0.2,0.6728834478,0.15,0.5622208941,0.2233238803,0
infill2,2,41,0.8278645092,0.05,0.75,0.15,0.1850366176,0.6477892312,0.2,0.6578887525,0.15,0.5898992263,0.1913792939,0
infill2,2,42,1.079485007,0.4597835634,0.35,0.15,0.15,0.5423143365,0.2,0.679553574,0.5,0.4545082245,0.1809865821,0
infill2,2,43,1.25,0.05,0.75,0.3360592821,0.15,0.5574248172,0.2,0.7014014242,0.2868439777,0.5472929079,0.3,0
infill2,2,44,1.064796881,0.05,0.5459235744,0.3553218832,0.15,0.5973087144,0.2,0.7327614259,0.2407235668,0.4582350725,0.1717029591,0
infill2,2,45,0.8,1.0,0.35,0.15,0.15,0.4,0.2,0.45,0.15,0.7,0.1,1
infill2,2,46,1.25,0.05,0.75,0.15,0.5,0.7,0.3,0.45,0.5,0.7,0.1,1
infill2,2,47,1.25,0.05,0.35,0.15,0.5,0.7,0.3,0.45,0.5,0.7,0.1,1
infill2,2,48,1.25,1.0,0.75,0.15,0.5,0.4,0.2,0.45,0.15,0.7,0.1,1
infill2,2,49,1.25,1.0,0.75,0.5,0.15,0.7,0.3,0.45,0.5,0.7,0.1,1
infill2,2,50,0.8,0.05,0.35,0.5,0.5,0.4,0.2,0.45,0.5,0.7,0.3,1
infill2,2,51,0.8,1.0,0.75,0.15,0.15,0.7,0.2,0.85,0.15,0.7,0.3,1
infill2,2,52,1.25,1.0,0.35,0.5,0.15,0.7,0.3,0.85,0.15,0.7,0.3,1
infill2,2,53,1.25,0.05,0.35,0.15,0.15,0.7,0.2,0.85,0.15,0.7,0.3,1
infill2,2,54,0.8,1.0,0.35,0.5,0.5,0.7,0.2,0.85,0.15,0.7,0.3,0
infill2,2,55,0.8,1.0,0.35,0.5,0.15,0.4,0.3,0.85,0.5,0.7,0.3,1
infill2,2,56,0.8,1.0,0.75,0.5,0.15,0.4,0.2,0.85,0.5,0.7,0.3,1
infill2,2,57,1.25,0.05,0.35,0.5,0.5,0.7,0.2,0.85,0.5,0.7,0.3,1
infill2,2,58,1.25,1.0,0.35,0.5,0.5,0.4,0.2,0.85,0.15,0.7,0.3,1
infill2,2,59,0.8,0.05,0.75,0.5,0.5,0.7,0.2,0.85,0.15,0.7,0.1,0
infill2,2,60,1.25,0.05,0.75,0.15,0.5,0.4,0.2,0.6669947446,0.15,0.4,0.3,1
infill2,2,61,0.8,0.05,0.75,0.15,0.15,0.4,0.3,0.6416851389,0.15,0.4,0.3,1
infill2,2,62,1.25,0.05,0.35,0.15,0.5,0.4,0.3,0.85,0.15,0.7,0.1,0
infill2,2,63,1.25,1.0,0.75,0.15,0.15,0.4,0.3,0.6424198097,0.15,0.4,0.3,1
infill2,2,64,1.25,0.05,0.35,0.15,0.15,0.4,0.3,0.85,0.5,0.4,0.1,0
infill2,2,65,0.8,1.0,0.75,0.15,0.15,0.4,0.3,0.45,0.15,0.4,0.3,1
infill2,2,66,1.25,0.05,0.75,0.5,0.5,0.5502502371,0.2,0.85,0.15,0.4,0.3,1
infill2,2,67,0.8,1.0,0.75,0.15,0.5,0.7,0.3,0.45,0.15,0.7,0.1,1
infill2,2,68,0.8,1.0,0.35,0.5,0.5,0.7,0.3,0.45,0.5,0.7,0.1,1
infill2,2,69,0.8,0.05,0.35,0.15,0.15,0.4,0.2,0.45,0.5,0.7,0.1,1
infill3,3,0,1.082294615,1.0,0.35,0.5,0.5,0.4597041067,0.2,0.639585131,0.15,0.4,0.1587150258,0
infill3,3,1,1.090500891,0.05,0.6896576822,0.15,0.15,0.5696980107,0.2,0.5137247721,0.5,0.4,0.1,1
infill3,3,2,1.054617796,1.0,0.35,0.5,0.5,0.4598305801,0.2,0.6772303398,0.15,0.4,0.1628804434,0
infill3,3,3,1.084071478,0.05,0.72299836,0.15,0.15,0.5610482642,0.2,0.5476325582,0.2937564504,0.4,0.1,0
infill3,3,4,1.121713003,1.0,0.35,0.15,0.4977111968,0.465367675,0.2,0.6311583385,0.5,0.4,0.1,0
infill3,3,5,1.106573594,0.05,0.7186209545,0.15,0.15,0.5931902845,0.2,0.5042586513,0.5,0.4,0.1,1
infill3,3,6,1.208253472,0.05,0.35,0.15,0.5,0.5772021003,0.2,0.45,0.5,0.514373469,0.1,1
infill3,3,7,1.25,0.05,0.35,0.15,0.5,0.5803617362,0.2,0.45,0.5,0.5254331339,0.1,1
infill3,3,8,1.206510859,1.0,0.35,0.15,0.4882462237,0.4687808919,0.2,0.6153872454,0.5,0.4,0.1,0
infill3,3,9,1.25,1.0,0.75,0.15,0.5,0.571444977,0.2,0.4860566061,0.15,0.4,0.1,1
infill3,3,10,1.095917204,0.05,0.6583082339,0.15,0.15,0.5251572987,0.2,0.5150379799,0.4717419518,0.4,0.1,0
infill3,3,11,0.8,0.05,0.5837557616,0.1854957172,0.5,0.4343130138,0.2,0.7367243873,0.39663686,0.4,0.2556066462,1
infill3,3,12,1.077744923,0.05,0.75,0.15,0.15,0.608200583,0.2,0.5258695736,0.15,0.4,0.1,0
infill3,3,13,0.8,1.0,0.75,0.15,0.15,0.4,0.2,0.7534681472,0.15,0.4,0.2728490859,1
infill3,3,14,0.9403052192,0.4327056176,0.6207813629,0.496871793,0.3536555311,0.4564383737,0.2116903906,0.6804543179,0.3553912535,0.4,0.2143196576,0
infill3,3,15,0.8,1.0,0.75,0.5,0.15,0.4,0.2,0.7441153719,0.5,0.4,0.3,1
infill3,3,16,1.070492196,0.05,0.75,0.15,0.5,0.5704384584,0.3,0.45,0.15,0.4,0.1,0
infill3,3,17,0.8,1.0,0.75,0.5,0.15,0.4,0.2,0.7871036304,0.5,0.4,0.3,1
infill3,3,18,0.8,1.0,0.75,0.5,0.15,0.4,0.2,0.6871988436,0.5,0.4,0.3,1
infill3,3,19,0.8,0.05,0.35,0.15,0.5,0.4474823082,0.2,0.85,0.5,0.4,0.196718962,0
infill3,3,20,1.25,0.05,0.75,0.15,0.5,0.633886676,0.3,0.85,0.15,0.4,0.1,1
infill3,3,21,0.8,1.0,0.35,0.15,0.5,0.7,0.3,0.85,0.5,0.4,0.3,0
infill3,3,22,1.25,0.05,0.35,0.15,0.5,0.6252586507,0.3,0.4922636323,0.5,0.7,0.1,1
infill3,3,23,0.8,0.05,0.35,0.15,0.5,0.7,0.2,0.85,0.5,0.4,0.3,0
infill3,3,24,1.004374941,0.05,0.75,0.15,0.15,0.6208712877,0.2,0.5417913609,0.1581721196,0.4,0.1,0
infill3,3,25,1.25,0.05,0.75,0.15,0.5,0.7,0.2,0.85,0.15,0.4,0.1,0
infill3,3,26,0.953002291,1.0,0.35,0.5,0.5,0.7,0.3,0.6675596693,0.5,0.7,0.1,1
infill3,3,27,1.25,0.05,0.35,0.15,0.5,0.5044108531,0.2,0.45,0.5,0.5359117889,0.1,1
infill3,3,28,1.25,0.05,0.35,0.15,0.15,0.5601633559,0.2,0.85,0.5,0.7,0.1,0
infill3,3,29,1.25,0.05,0.35,0.15,0.5,0.7,0.3,0.45,0.5,0.7,0.1,1
infill3,3,30,1.184221259,0.05,0.35,0.15,0.5,0.5321294495,0.2,0.45,0.5,0.4061818059,0.1,1
infill3,3,31,1.25,1.0,0.75,0.5,0.5,0.7,0.2,0.6169409329,0.5,0.7,0.3,1
infill3,3,32,1.236596006,0.05,0.35,0.15,0.5,0.4863761525,0.2,0.45,0.5,0.5196423541,0.1,1
infill3,3,33,0.8,0.05,0.35,0.15,0.15,0.4,0.3,0.45,0.5,0.7,0.3,1
infill3,3,34,1.134909816,0.05,0.75,0.15,0.15,0.6361210552,0.2,0.45,0.5,0.4,0.1,0
infill3,3,35,1.099039344,0.05,0.75,0.15,0.15,0.5695549011,0.2,0.5160517748,0.15,0.4,0.1,0
infill3,3,36,1.125101316,1.0,0.35,0.15,0.15,0.4649024589,0.2,0.6298154554,0.15,0.4,0.1,0
infill3,3,37,1.178303457,1.0,0.75,0.2422998401,0.15,0.574945518,0.2,0.5093421384,0.15,0.4404790706,0.1,0
infill3,3,38,1.164302824,1.0,0.6585925242,0.2382130036,0.15,0.5748770425,0.2,0.4653818586,0.15,0.4402251216,0.1,0
infill3,3,39,1.25,0.05,0.35,0.15,0.15,0.5806503804,0.2,0.45,0.15,0.5267037303,0.1,1
infill3,3,40,1.059237114,0.05,0.35,0.15,0.5,0.4764711381,0.2,0.6193511199,0.5,0.4,0.1066601288,0
infill3,3,41,1.039266966,0.05,0.75,0.15,0.15,0.5869472476,0.3,0.5735719498,0.5,0.4,0.1,0
infill3,3,42,1.006100654,0.05,0.35,0.15,0.5,0.4637563985,0.222439361,0.7050939592,0.5,0.4,0.16903732,0
infill3,3,43,0.8,1.0,0.75,0.5,0.15,0.4,0.2,0.7436220027,0.15,0.4,0.3,1
infill3,3,44,0.8,1.0,0.75,0.5,0.5,0.5778629769,0.3,0.6512907408,0.4409937259,0.4,0.1,1
infill3,3,45,0.8,1.0,0.35,0.5,0.5,0.4,0.3,0.45,0.5,0.7,0.3,1
infill3,3,46,0.8,0.05,0.35,0.15,0.15,0.4,0.3,0.45,0.15,0.7,0.3,0
infill3,3,47,0.8,0.05,0.75,0.5,0.5,0.4,0.3,0.45,0.15,0.7,0.3,1
infill3,3,48,1.25,0.05,0.35,0.5,0.5,0.4,0.3,0.45,0.5,0.7,0.1,1
infill3,3,49,1.25,1.0,0.75,0.15,0.5,0.4,0.3,0.45,0.15,0.7,0.1,1
infill3,3,50,1.25,1.0,0.75,0.15,0.15,0.4,0.2,0.45,0.5,0.7,0.1,1
infill3,3,51,0.8,1.0,0.75,0.5,0.15,0.7,0.3,0.45,0.5,0.7,0.1,1
infill3,3,52,0.8,0.05,0.35,0.15,0.15,0.4,0.2,0.45,0.15,0.4,0.3,0
infill3,3,53,0.8,0.05,0.75,0.15,0.15,0.4,0.2,0.45,0.15,0.4,0.3,0
infill3,3,54,0.8,1.0,0.35,0.5,0.15,0.4,0.2,0.85,0.15,0.7,0.3,1
infill3,3,55,0.8,0.05,0.35,0.5,0.15,0.4,0.2,0.85,0.15,0.7,0.3,1
infill3,3,56,0.8,1.0,0.75,0.5,0.15,0.4,0.3,0.45,0.5,0.4,0.3,1
infill3,3,57,0.8,1.0,0.35,0.15,0.15,0.7,0.2,0.45,0.5,0.7,0.1,1
infill3,3,58,1.25,0.05,0.75,0.15,0.5,0.7,0.3,0.45,0.5,0.7,0.1,1
infill3,3,59,0.8,1.0,0.75,0.5,0.15,0.4,0.3,0.85,0.15,0.4,0.1,0
infill3,3,60,1.25,1.0,0.75,0.5,0.5,0.5486275127,0.3,0.85,0.5,0.7,0.3,1
infill3,3,61,0.8,0.05,0.35,0.15,0.5,0.4,0.3,0.85,0.15,0.4,0.1,0
infill3,3,62,1.25,0.05,0.35,0.15,0.15,0.5234389364,0.3,0.85,0.5,0.7,0.1,0
infill3,3,63,0.8,1.0,0.35,0.5,0.15,0.7,0.3,0.85,0.5,0.7,0.1,1
infill3,3,64,0.8,1.0,0.35,0.15,0.3742281152,0.4956849517,0.2029662811,0.45,0.15,0.4,0.1,0
infill3,3,65,0.8,0.05,0.35,0.15,0.15,0.4991421835,0.2,0.45,0.15,0.4,0.1,0
infill3,3,66,0.8,1.0,0.35,0.5,0.5,0.4,0.2,0.45,0.5,0.7,0.3,1
infill3,3,67,0.8,1.0,0.75,0.15,0.5,0.4,0.3,0.45,0.15,0.7,0.3,1
infill3,3,68,0.8,0.05,0.75,0.5,0.15,0.4,0.3,0.45,0.5,0.7,0.3,1
infill3,3,69,0.8,0.05,0.75,0.5,0.5,0.4,0.2,0.45,0.15,0.7,0.3,0
infill4,4,0,0.9745654307,0.05,0.75,0.15,0.5,0.6154858738,0.2092885914,0.85,0.15,0.4,0.1,0
infill4,4,1,0.9782439842,0.05,0.75,0.15,0.5,0.7,0.2,0.8068330537,0.5,0.4,0.1,0
infill4,4,2,1.222590265,0.05,0.35,0.5,0.5,0.7,0.3,0.7167519531,0.5,0.497064937,0.1390117761,0
infill4,4,3,1.072484318,0.05,0.35,0.15,0.15,0.4,0.2,0.85,0.15,0.4,0.1,0
infill4,4,4,0.9954384123,0.05,0.75,0.5,0.5,0.7,0.2,0.85,0.5,0.4,0.3,0
infill4,4,5,1.135287982,1.0,0.35,0.5,0.4166319024,0.7,0.2624306139,0.6653601971,0.1583082647,0.4,0.2614506246,0
infill4,4,6,0.8,1.0,0.75,0.15,0.5,0.6385070876,0.2,0.7304370428,0.5,0.4,0.3,1
infill4,4,7,1.120104002,1.0,0.35,0.5,0.15,0.7,0.2554347822,0.634514409,0.39595604,0.4,0.289164689,0
infill4,4,8,0.8,1.0,0.75,0.15,0.5,0.6451176685,0.2,0.7814286902,0.5,0.4,0.3,1
infill4,4,9,0.8979403342,0.05,0.75,0.15,0.5,0.5174633077,0.214120553,0.85,0.15,0.4,0.1,1
infill4,4,10,0.8,1.0,0.75,0.5,0.5,0.6139443433,0.2266316777,0.85,0.5,0.4,0.3,1
infill4,4,11,1.120168649,1.0,0.35,0.5,0.15,0.7,0.2689624452,0.6654598768,0.2104076451,0.4,0.2928838694,0
infill4,4,12,1.121576241,0.06473715083,0.3821061264,0.3487837667,0.4386712257,0.6652701223,0.2646228148,0.6155758732,0.1549983166,0.572265403,0.3,0
infill4,4,13,0.8,1.0,0.75,0.5,0.5,0.6247546075,0.2511995006,0.85,0.5,0.4,0.3,1
infill4,4,14,0.94112153,0.05,0.75,0.5,0.5,0.7,0.2,0.85,0.5,0.4,0.3,0
infill4,4,15,0.8,1.0,0.5015350695,0.5,0.5,0.6058324123,0.2,0.7208023354,0.3221425251,0.4,0.1,0
infill4,4,16,1.040713512,0.05,0.35,0.15,0.15,0.4763806821,0.2,0.4797404843,0.15,0.4,0.1,0
infill4,4,17,1.15774313,0.05,0.35,0.5,0.5,0.7,0.3,0.85,0.15,0.4,0.1,0
infill4,4,18,1.014103725,0.05,0.35,0.15,0.15,0.7,0.259620832,0.85,0.5,0.4,0.1147648939,0
infill4,4,19,0.9992876325,0.05,0.75,0.5,0.15,0.7,0.2,0.85,0.5,0.7,0.3,1
infill4,4,20,0.8,1.0,0.35,0.15,0.5,0.5959084852,0.2,0.85,0.5,0.4,0.1,0
infill4,4,21,1.005599743,0.05,0.35,0.15,0.5,0.7,0.3,0.85,0.5,0.4,0.3,0
infill4,4,22,1.055541694,0.3333359785,0.35,0.254002485,0.3574563728,0.7,0.2496657736,0.8414587438,0.2449150436,0.6357081093,0.1966913364,1
infill4,4,23,1.176057931,1.0,0.35,0.5,0.4702035281,0.6755167662,0.3,0.750726297,0.5,0.4991380715,0.1731256052,0
infill4,4,24,0.9941713031,0.05,0.35,0.15,0.15,0.4,0.2,0.45,0.15,0.4,0.1,0
infill4,4,25,0.9766709829,0.05,0.35,0.15,0.15,0.4,0.2,0.45,0.15,0.4,0.1,0
infill4,4,26,0.924013132,0.05,0.75,0.15,0.15,0.4,0.2,0.85,0.5,0.7,0.3,0
infill4,4,27,0.8733394388,1.0,0.35,0.15,0.5,0.7,0.3,0.7389215784,0.15,0.4,0.1,1
infill4,4,28,0.9118347896,0.7742988669,0.35,0.5,0.4896010683,0.7,0.3,0.85,0.5,0.4,0.1398778976,0
infill4,4,29,0.8,1.0,0.35,0.15,0.5,0.6857479835,0.2,0.85,0.5,0.4,0.1,0
infill4,4,30,0.8629348056,1.0,0.35,0.15,0.5,0.7,0.3,0.7407784813,0.5,0.7,0.1,1
infill4,4,31,1.086692173,0.05,0.35,0.15,0.15,0.4654643865,0.2,0.4941080798,0.15,0.4,0.1,0
infill4,4,32,0.8223748377,0.05,0.75,0.5,0.15,0.7,0.2,0.85,0.5,0.7,0.3,0
infill4,4,33,0.8,1.0,0.35,0.5,0.15,0.4,0.2,0.45,0.5,0.4,0.1,1
infill4,4,34,1.139637034,1.0,0.75,0.15,0.15,0.4,0.2,0.85,0.286651507,0.4,0.1,0
infill4,4,35,0.9130700398,0.05,0.35,0.15,0.5,0.4,0.2,0.45,0.5,0.7,0.1,1
infill4,4,36,1.168799496,1.0,0.75,0.15,0.15,0.4,0.2,0.85,0.15,0.4,0.1,0
infill4,4,37,1.138399981,0.05,0.35,0.15,0.15,0.4681674601,0.2,0.4799117765,0.15,0.4,0.1,0
infill4,4,38,1.129366291,0.05,0.35,0.15,0.5,0.7,0.2525886654,0.6504295798,0.15,0.4,0.3,0
infill4,4,39,1.208837074,0.05,0.35,0.5,0.5,0.6721653551,0.2855432366,0.6682568364,0.5,0.4,0.1,0
infill4,4,40,1.196235567,0.05,0.35,0.5,0.5,0.6710065543,0.2885483118,0.7106719498,0.3034609347,0.4,0.1,0
infill4,4,41,1.139239892,0.05,0.35,0.15,0.5,0.7,0.2706920636,0.6510763893,0.15,0.4,0.3,0
infill4,4,42,1.192936236,0.05,0.35,0.5,0.5,0.7,0.3,0.7157448021,0.5,0.4,0.1,0
infill4,4,43,1.20021265,0.05,0.35,0.5,0.5,0.6627994028,0.3,0.6647017016,0.394092402,0.4,0.1,0
infill4,4,44,0.8,1.0,0.75,0.15,0.5,0.6385318711,0.2264552239,0.7397968366,0.5,0.4,0.3,1
infill4,4,45,0.8,1.0,0.75,0.15,0.5,0.4,0.3,0.45,0.15,0.7,0.1,1
infill4,4,46,0.8,1.0,0.75,0.5,0.5,0.4,0.3,0.45,0.15,0.4,0.1,1
infill4,4,47,0.997335826,0.05,0.35,0.15,0.5,0.4,0.3,0.45,0.15,0.7,0.3,1
infill4,4,48,0.9485988023,0.05,0.75,0.15,0.5,0.4,0.3,0.45,0.5,0.7,0.3,1
infill4,4,49,1.25,1.0,0.75,0.15,0.15,0.4,0.3,0.85,0.15,0.4,0.3,1
infill4,4,50,1.25,1.0,0.75,0.15,0.15,0.4,0.3,0.85,0.5,0.4,0.3,1
infill4,4,51,1.098019889,0.05,0.35,0.5,0.15,0.4,0.3,0.45,0.5,0.7,0.1,1
infill4,4,52,1.087604335,0.05,0.35,0.5,0.15,0.4,0.3,0.45,0.15,0.4,0.1,0
infill4,4,53,1.25,0.05,0.35,0.15,0.15,0.4,0.3,0.45,0.5,0.7,0.1,1
infill4,4,54,1.012902464,0.05,0.75,0.5,0.15,0.4,0.2,0.45,0.5,0.7,0.3,1
infill4,4,55,0.8,0.05,0.75,0.15,0.5,0.4,0.3,0.45,0.15,0.4,0.1,0
infill4,4,56,1.25,1.0,0.35,0.15,0.15,0.5141218305,0.3,0.45,0.5,0.7,0.3,1
infill4,4,57,0.9255285835,0.05,0.35,0.15,0.15,0.7,0.3,0.45,0.15,0.4,0.3,1
infill4,4,58,1.012710756,0.05,0.75,0.15,0.15,0.4,0.2,0.45,0.5,0.4,0.3,0
infill4,4,59,0.9346186416,1.0,0.35,0.5,0.5,0.4,0.2,0.85,0.5,0.7,0.3,1
infill4,4,60,1.25,0.05,0.75,0.5,0.5,0.4,0.3,0.85,0.15,0.4,0.3,1
infill4,4,61,1.25,0.05,0.75,0.5,0.5,0.5251045372,0.3,0.45,0.5,0.7,0.3,1
infill4,4,62,0.8,1.0,0.35,0.15,0.15,0.4,0.3,0.45,0.15,0.4,0.1,1
infill4,4,63,0.8,0.05,0.35,0.5,0.5,0.7,0.3,0.45,0.15,0.7,0.3,0
infill4,4,64,1.25,1.0,0.75,0.15,0.15,0.4,0.2,0.85,0.5,0.7,0.3,1
infill4,4,65,1.25,0.8634939418,0.75,0.15,0.15,0.7,0.3,0.85,0.15,0.7,0.3,0
infill4,4,66,1.1663897,0.05,0.75,0.5,0.15,0.4,0.2,0.85,0.15,0.4,0.3,1
infill4,4,67,0.8,1.0,0.35,0.15,0.5,0.4,0.2,0.6664298281,0.15,0.7,0.3,0
infill4,4,68,1.25,1.0,0.35,0.5,0.5,0.552015377,0.2,0.85,0.5,0.7,0.3,0
infill4,4,69,1.25,1.0,0.35,0.5,0.5,0.7,0.3,0.85,0.15,0.4,0.1,0
infill5,5,0,1.182472092,0.05,0.35,0.15,0.5,0.7,0.2895971195,0.85,0.5,0.4,0.2057851977,0
infill5,5,1,1.25,0.05,0.35,0.15,0.5,0.7,0.3,0.85,0.5,0.7,0.2028704888,1
infill5,5,2,0.8,0.05,0.7498194951,0.15,0.5,0.53273766,0.2599643853,0.7250295816,0.5,0.4,0.1393519225,0
infill5,5,3,0.8,0.05,0.7495418319,0.15,0.5,0.5242550812,0.2528950907,0.7233152933,0.5,0.4,0.158711578,1
infill5,5,4,1.25,0.05,0.35,0.15,0.5,0.7,0.3,0.85,0.5,0.7,0.1771985997,1
infill5,5,5,0.8,0.05,0.35,0.4694001401,0.5,0.5041627396,0.2418449447,0.45,0.5,0.4,0.1167187318,0
infill5,5,6,0.8,0.05,0.35,0.5,0.5,0.5097087433,0.2358194221,0.45,0.5,0.4001170704,0.1146767133,0
infill5,5,7,1.015980828,1.0,0.35,0.15,0.15,0.7,0.2883525585,0.45,0.5,0.7,0.3,1
infill5,5,8,0.9874601522,0.959231034,0.35,0.15,0.15,0.7,0.288455676,0.45,0.5,0.7,0.3,1
infill5,5,9,1.25,0.7222038482,0.35,0.492294532,0.15,0.479226883,0.2348783354,0.85,0.4482410155,0.7,0.1,1
infill5,5,10,1.25,0.05,0.35,0.5,0.15,0.4,0.3,0.85,0.15,0.7,0.3,1
infill5,5,11,1.25,0.05,0.75,0.5,0.5,0.4,0.2634745699,0.45,0.15,0.7,0.3,1
infill5,5,12,1.25,0.05,0.75,0.5,0.15,0.4,0.2752004149,0.85,0.15,0.4,0.3,1
infill5,5,13,1.25,0.05,0.75,0.5,0.15,0.4,0.3,0.85,0.15,0.4,0.3,1
infill5,5,14,1.25,0.05,0.75,0.5,0.5,0.4,0.278196186,0.45,0.15,0.7,0.3,1
infill5,5,15,0.8,0.05,0.75,0.5,0.5,0.4,0.2598978124,0.45,0.5,0.7,0.3,0
infill5,5,16,0.8,1.0,0.35,0.15,0.5,0.4,0.2508634659,0.45,0.5,0.4,0.3,1
infill5,5,17,0.8,1.0,0.75,0.15,0.5,0.4,0.2536942645,0.45,0.15,0.4,0.3,1
infill5,5,18,0.8,1.0,0.35,0.15,0.15,0.4,0.2533088997,0.45,0.5,0.7,0.3,1
infill5,5,19,0.8,1.0,0.75,0.15,0.15,0.7,0.3,0.45,0.5,0.7,0.1,1
infill5,5,20,1.113481542,0.05,0.35,0.15,0.15,0.5197236713,0.2263129551,0.45,0.2901445591,0.4,0.2048723105,0
infill5,5,21,1.117300471,0.05,0.35,0.15,0.15,0.5181968735,0.222905052,0.45,0.2465778737,0.4,0.1886200603,0
infill5,5,22,1.106604225,0.05,0.35,0.15,0.15,0.5023850814,0.2247743059,0.45,0.3212668962,0.4,0.1971839555,0
infill5,5,23,1.114054041,0.05,0.35,0.15,0.15,0.513505905,0.2247373242,0.45,0.2555168021,0.4,0.2204816993,0
infill5,5,24,1.124796929,0.05,0.35,0.15,0.15,0.5391469424,0.2285123924,0.45,0.2757793005,0.4,0.2086692838,0
infill5,5,25,1.113130299,0.05,0.35,0.15,0.15,0.5313003148,0.2287565191,0.45,0.29376034,0.4,0.2245066806,0
infill5,5,26,1.115220423,0.07350058861,0.35,0.15,0.15,0.5213789916,0.2236037244,0.85,0.404121045,0.4,0.2035475899,0
infill5,5,27,1.092799338,0.05,0.35,0.15,0.15,0.4989788038,0.224987151,0.45,0.2342189606,0.4,0.1973029632,0
infill5,5,28,1.25,1.0,0.35,0.5,0.5,0.4890922281,0.2,0.85,0.4480944398,0.4,0.1,0
infill5,5,29,1.06271991,0.05,0.35,0.15,0.15,0.5204996818,0.2249181441,0.85,0.15,0.4,0.2085301982,0
infill6,6,0,0.8,0.05,0.75,0.15,0.5,0.7,0.3,0.7595755276,0.5,0.4,0.1,1
infill6,6,1,1.155942306,1.0,0.6004191865,0.15,0.5,0.5018353279,0.2522141973,0.85,0.2095825865,0.4,0.1321205898,1
infill6,6,2,1.007850485,0.7783943953,0.3663817501,0.5,0.5,0.6959182634,0.2,0.5925427282,0.15,0.4,0.3,0
infill6,6,3,0.8,0.05,0.6283566753,0.5,0.5,0.7,0.2,0.7634459747,0.15,0.4,0.3,0
infill6,6,4,1.25,0.05,0.3958570012,0.15,0.15,0.5767844092,0.2,0.5363522286,0.5,0.4,0.1,0
infill6,6,5,0.8,1.0,0.5405427303,0.5,0.5,0.6243577522,0.2,0.85,0.15,0.4,0.3,0
infill6,6,6,0.8,1.0,0.35,0.15,0.15,0.559168673,0.2,0.5545851189,0.15,0.4,0.1,0
infill6,6,7,0.8,1.0,0.75,0.5,0.5,0.6466718573,0.3,0.85,0.5,0.4,0.3,1
infill6,6,8,1.25,1.0,0.35,0.5,0.15,0.6474823565,0.2,0.7427137392,0.15,0.4260043997,0.3,0
infill6,6,9,1.093009628,0.05,0.5267420714,0.5,0.15,0.7,0.2204622831,0.5305941124,0.15,0.4072203405,0.3,0
infill6,6,10,0.8,1.0,0.35,0.5,0.15,0.7,0.2,0.7550521608,0.5,0.4,0.1,0
infill6,6,11,1.25,0.05,0.35,0.5,0.15,0.7,0.2,0.5369834967,0.15,0.4,0.3,0
infill6,6,12,1.25,1.0,0.35,0.5,0.15,0.7,0.2,0.7558824669,0.5,0.4,0.3,0
infill6,6,13,1.25,0.05,0.35,0.5,0.15,0.7,0.2,0.7559175663,0.15,0.4,0.3,0
infill6,6,14,1.25,1.0,0.35,0.5,0.15,0.7,0.3,0.5147789839,0.15,0.4,0.3,0
infill6,6,15,1.228279541,0.6490452143,0.5229673708,0.3585984707,0.3954661258,0.5517753405,0.2012075926,0.8168131255,0.3632478914,0.4802100837,0.2781559708,0
infill6,6,16,0.8,0.05,0.3741147804,0.15,0.333334721,0.5710201024,0.275734794,0.45,0.1881317691,0.7,0.1740623059,0
infill6,6,17,0.8880544289,0.2601568528,0.35,0.15,0.2195392286,0.6515303421,0.2158627793,0.5558473303,0.204909025,0.5851385277,0.1920327731,0
infill6,6,18,1.109788595,0.6790811178,0.4531702662,0.4408457997,0.3629748285,0.4982713924,0.2618249841,0.5184683465,0.4075556178,0.6964728116,0.1166698512,1
infill6,6,19,0.8,0.3645118163,0.3590674278,0.211359119,0.357311373,0.4948237689,0.2001503915,0.45,0.2826097817,0.4072194827,0.1140911857,0
infill6,6,20,1.012292113,0.3844047402,0.3730901557,0.2814547864,0.4043329146,0.5551928949,0.2948498214,0.7966876897,0.3864426208,0.4236174554,0.176915688,1
infill6,6,21,1.044336787,0.7813542666,0.6955697589,0.3424053517,0.3044116039,0.6293744584,0.2,0.6028698085,0.3174995382,0.4282707079,0.3,0
infill6,6,22,0.8355529918,0.7532612204,0.6308484213,0.2151636327,0.3616244898,0.586353227,0.2,0.682769959,0.3450909214,0.5027678498,0.2372031913,0
infill6,6,23,0.8950054959,0.05,0.35,0.1548818613,0.3049026791,0.5277603035,0.2514743283,0.641487934,0.4628549401,0.6029559924,0.1448296225,0
infill6,6,24,0.8971147765,0.2920217735,0.477854794,0.4710873498,0.242205683,0.5609055711,0.2152957493,0.7556192871,0.1559834416,0.5396594085,0.1582859211,0
infill6,6,25,1.008295806,0.08241328741,0.7491566145,0.4130338497,0.1705583464,0.4796168785,0.2128820404,0.5993693889,0.3397747139,0.6360152227,0.2191784778,0
infill6,6,26,0.875577219,0.05,0.35,0.2069099114,0.2980286312,0.5309620024,0.2689740413,0.5451498193,0.398712139,0.4,0.1,0
infill6,6,27,0.9761556093,0.05,0.4027356476,0.15,0.2164573007,0.4295833254,0.2403751435,0.5035007583,0.3135524475,0.4670594394,0.1,0
infill6,6,28,1.148642962,0.7065477775,0.6458559683,0.2980649587,0.2520649068,0.6481826134,0.280390061,0.7861796533,0.4863738114,0.5804814258,0.1764591843,0
infill6,6,29,0.8673467089,0.78481367,0.35,0.15,0.2673071692,0.7,0.2164161474,0.6182200981,0.2611411018,0.6439922603,0.1,0
infill6,6,30,1.220786792,0.1442462915,0.75,0.15,0.5,0.7,0.2,0.7755111719,0.5,0.4,0.3,1
infill6,6,31,0.8,1.0,0.35,0.15,0.5,0.491936603,0.2,0.85,0.5,0.4,0.3,0
infill6,6,32,1.215936566,0.05,0.35,0.15,0.5,0.4933089818,0.2,0.85,0.5,0.4,0.1,0
infill6,6,33,1.25,0.65114687,0.75,0.5,0.5,0.7,0.2,0.85,0.5,0.4,0.1,1
infill6,6,34,0.8,1.0,0.35,0.15,0.5,0.7,0.2,0.45,0.5,0.4,0.2754026348,1
infill6,6,35,1.009872281,1.0,0.4270198166,0.3666794807,0.5,0.7,0.2486637003,0.5853760897,0.15,0.4,0.1,0
infill6,6,36,1.064876273,1.0,0.3930687869,0.3666741447,0.5,0.7,0.2375864543,0.5724220287,0.15,0.4,0.1,1
infill6,6,37,1.25,0.05,0.35,0.3662829993,0.5,0.7,0.2,0.6034743112,0.5,0.4,0.3,0
infill6,6,38,0.8,1.0,0.364019816,0.15,0.5,0.4552111697,0.2,0.6438869785,0.15,0.4,0.3,1
infill6,6,39,0.8,0.05,0.35,0.5,0.5,0.519356383,0.2308384026,0.45,0.15,0.4,0.3,0
infill6,6,40,0.8,1.0,0.35,0.15,0.15,0.52818942,0.2,0.5124609339,0.15,0.4,0.3,0
infill6,6,41,1.25,0.05,0.35,0.15,0.15,0.5455710783,0.2,0.45,0.15,0.4,0.1,0
infill6,6,42,1.25,1.0,0.35,0.5,0.15,0.6680779956,0.2,0.85,0.5,0.4,0.1,0
infill6,6,43,0.8,1.0,0.35,0.15,0.15,0.5653286842,0.2,0.5319729869,0.15,0.4,0.3,1
infill6,6,44,1.25,0.05,0.35,0.15,0.15,0.5663922816,0.2,0.45,0.15,0.4,0.1,0
